{"cameraMode":{"drawMode":0,"name":"Shaded","section":"Shading Mode"},"sceneLighting":true,"audioPlay":false,"sceneViewState":{"showFog":false,"showMaterialUpdate":false,"showSkybox":false,"showFlares":false,"showImageEffects":false,"showParticleSystems":true},"in2DMode":false,"pivot":{"x":516.1217041015625,"y":0.9210613965988159,"z":502.2892150878906},"rotation":{"x":-0.0034380352590233089,"y":0.9742748737335205,"z":-0.22484374046325684,"w":-0.014900860376656056},"size":19.3204288482666,"orthographic":false}